DROP TABLE IF EXISTS items;
DROP TABLE IF EXISTS cards_history;
DROP TABLE IF EXISTS cards;
DROP TABLE IF EXISTS users;

CREATE TABLE users (
    id INT UNSIGNED PRIMARY KEY AUTO_INCREMENT,
    login VARCHAR(100) NOT NULL UNIQUE,
    phone VARCHAR(20) NOT NULL,
    email VARCHAR(100) NOT NULL,
    salt CHAR(32) NOT NULL,
    password CHAR(32) NOT NULL,
    flags INT UNSIGNED NOT NULL DEFAULT 0,
    name VARCHAR(255) DEFAULT NULL
);

CREATE TABLE cards (
    id INT UNSIGNED PRIMARY KEY AUTO_INCREMENT,
    user_id INT UNSIGNED NOT NULL,
    creation_time TIMESTAMP NOT NULL DEFAULT CURRENT_TIMESTAMP,
    income_address VARCHAR(200) NOT NULL,
    income_date VARCHAR(11) DEFAULT NULL,
    income_time ENUM('9:00 - 12:00', '12:00 - 16:00', '16:00 - 19:00') DEFAULT '9:00 - 12:00',
    delivery_address VARCHAR(200) NOT NULL,
    delivery_date VARCHAR(11) DEFAULT NULL,
    delivery_time ENUM('9:00 - 12:00', '12:00 - 16:00', '16:00 - 19:00') DEFAULT '9:00 - 12:00',
    status ENUM('new', 'accepted', 'stored', 'in_progress', 'done') DEFAULT 'new',
    price DECIMAL(13, 2) NOT NULL DEFAULT 0,
    FOREIGN KEY (user_id) REFERENCES users (id) ON DELETE CASCADE
);

CREATE TABLE cards_history (
    id INT UNSIGNED PRIMARY KEY AUTO_INCREMENT,
    card_id INT UNSIGNED NOT NULL,
    status_old ENUM('new', 'accepted', 'stored', 'in_progress', 'done') DEFAULT 'new',
    status_new ENUM('new', 'accepted', 'stored', 'in_progress', 'done') DEFAULT 'new',
    time TIMESTAMP NOT NULL DEFAULT CURRENT_TIMESTAMP,
    FOREIGN KEY (card_id) REFERENCES cards (id) ON DELETE CASCADE
);

CREATE TABLE items (
    id INT UNSIGNED PRIMARY KEY AUTO_INCREMENT,
    card_id INT UNSIGNED NOT NULL,
    name VARCHAR(30) NOT NULL,
    description TEXT DEFAULT NULL,
    weight INT NOT NULL,
    FOREIGN KEY (card_id) REFERENCES cards (id) ON DELETE CASCADE
);

DROP TRIGGER IF EXISTS cards_update_history;
DELIMITER |
CREATE TRIGGER cards_update_history AFTER UPDATE ON cards
    FOR EACH ROW BEGIN
        IF (NEW.status <> OLD.status) THEN
            INSERT INTO cards_history(card_id, status_old, status_new)
            VALUES (OLD.id, OLD.status, NEW.status);
        END IF;
    END;
|

DELIMITER ;

INSERT INTO `users` VALUES (1,'admin1','+79260888877','ryba@mail.ru','ZuKiy5c8cAbqFX_tlF60DIN07_guYkts','52eb2b5f851f0b347dc665ead2b9ffb3',1,'Рыбина'),(2,'admin2','+79165431212','vladiros@gmail.com','mL63UsJF5vOe6GE9A6MPhfyhgysbFALg','9ab9900858cf2e6fac90b1e8b87c5680',1,'Рословцев'),(3,'user','+79165230816','looser@mail.ru','dDGpXMuxjTel8k9kWDNLqItnZq_vYk46','94776092accf063c02225a2d49f9ec7f',0,'Смертный');
INSERT INTO `cards` VALUES (1,3,'2019-02-12 15:21:39','церковь','14-02-2019','9:00 - 12:00','МИФИ','15-02-2019','16:00 - 19:00','accepted',1000.00),(2,3,'2019-02-12 15:22:21','другая церковь','13-02-2019','9:00 - 12:00','МИФИ','15-02-2019','16:00 - 19:00','new',1000.00),(3,3,'2019-02-12 15:23:05','адрес изъятия','15-02-2019','9:00 - 12:00','адрес доставки','15-02-2019','16:00 - 19:00','new',1000.00),(4,3,'2019-02-12 15:23:08','адрес изъятия','15-02-2019','9:00 - 12:00','адрес доставки','15-02-2019','16:00 - 19:00','new',1000.00),(5,3,'2019-02-12 15:23:11','адрес изъятия','15-02-2019','9:00 - 12:00','адрес доставки','15-02-2019','16:00 - 19:00','new',1000.00),(6,3,'2019-02-12 15:23:14','адрес изъятия','15-02-2019','9:00 - 12:00','адрес доставки','15-02-2019','16:00 - 19:00','new',1000.00),(7,3,'2019-02-12 15:23:17','адрес изъятия','15-02-2019','9:00 - 12:00','адрес доставки','15-02-2019','16:00 - 19:00','new',1000.00),(8,3,'2019-02-12 15:23:20','адрес изъятия','15-02-2019','9:00 - 12:00','адрес доставки','15-02-2019','16:00 - 19:00','new',1000.00),(9,3,'2019-02-12 15:23:22','адрес изъятия','15-02-2019','9:00 - 12:00','адрес доставки','15-02-2019','16:00 - 19:00','new',1000.00),(10,3,'2019-02-12 15:23:25','адрес изъятия','15-02-2019','9:00 - 12:00','адрес доставки','15-02-2019','16:00 - 19:00','new',1000.00),(11,3,'2019-02-12 15:23:28','адрес изъятия','15-02-2019','9:00 - 12:00','адрес доставки','15-02-2019','16:00 - 19:00','new',1000.00),(12,3,'2019-02-12 15:23:30','адрес изъятия','15-02-2019','9:00 - 12:00','адрес доставки','15-02-2019','16:00 - 19:00','new',1000.00),(13,3,'2019-02-12 15:23:33','адрес изъятия','15-02-2019','9:00 - 12:00','адрес доставки','15-02-2019','16:00 - 19:00','new',1000.00),(14,3,'2019-02-12 15:23:35','адрес изъятия','15-02-2019','9:00 - 12:00','адрес доставки','15-02-2019','16:00 - 19:00','new',1000.00),(15,3,'2019-02-12 15:23:36','адрес изъятия','15-02-2019','9:00 - 12:00','адрес доставки','15-02-2019','16:00 - 19:00','new',1000.00),(16,3,'2019-02-12 15:23:39','адрес изъятия','15-02-2019','9:00 - 12:00','адрес доставки','15-02-2019','16:00 - 19:00','new',1000.00),(17,3,'2019-02-12 15:23:40','адрес изъятия','15-02-2019','9:00 - 12:00','адрес доставки','15-02-2019','16:00 - 19:00','new',1000.00),(18,3,'2019-02-12 15:23:40','адрес изъятия','15-02-2019','9:00 - 12:00','адрес доставки','15-02-2019','16:00 - 19:00','new',1000.00),(19,3,'2019-02-12 15:23:41','адрес изъятия','15-02-2019','9:00 - 12:00','адрес доставки','15-02-2019','16:00 - 19:00','new',1000.00),(20,3,'2019-02-12 15:23:42','адрес изъятия','15-02-2019','9:00 - 12:00','адрес доставки','15-02-2019','16:00 - 19:00','new',1000.00),(21,3,'2019-02-12 15:23:43','адрес изъятия','15-02-2019','9:00 - 12:00','адрес доставки','15-02-2019','16:00 - 19:00','new',1000.00),(22,3,'2019-02-12 15:23:44','адрес изъятия','15-02-2019','9:00 - 12:00','адрес доставки','15-02-2019','16:00 - 19:00','new',1000.00),(23,3,'2019-02-12 15:23:45','адрес изъятия','15-02-2019','9:00 - 12:00','адрес доставки','15-02-2019','16:00 - 19:00','new',1000.00);
INSERT INTO `items` VALUES (1,1,'ладан','священный',1),(2,2,'распятие','хрупкое',4),(3,3,'штука','',1),(4,3,'другая штука','',1),(5,3,'другая штука','',1),(6,4,'штука','',1),(7,4,'другая штука','',1),(8,4,'другая штука','',1),(9,5,'штука','',1),(10,5,'другая штука','',1),(11,5,'другая штука','',1),(12,6,'штука','',1),(13,6,'другая штука','',1),(14,6,'другая штука','',1),(15,7,'штука','',1),(16,7,'другая штука','',1),(17,7,'другая штука','',1),(18,8,'штука','',1),(19,8,'другая штука','',1),(20,8,'другая штука','',1),(21,9,'штука','',1),(22,9,'другая штука','',1),(23,9,'другая штука','',1),(24,10,'штука','',1),(25,10,'другая штука','',1),(26,10,'другая штука','',1),(27,11,'штука','',1),(28,11,'другая штука','',1),(29,11,'другая штука','',1),(30,12,'штука','',1),(31,12,'другая штука','',1),(32,12,'другая штука','',1),(33,13,'штука','',1),(34,13,'другая штука','',1),(35,13,'другая штука','',1),(36,14,'штука','',1),(37,14,'другая штука','',1),(38,14,'другая штука','',1),(39,15,'штука','',1),(40,15,'другая штука','',1),(41,15,'другая штука','',1),(42,16,'штука','',1),(43,16,'другая штука','',1),(44,16,'другая штука','',1),(45,17,'штука','',1),(46,17,'другая штука','',1),(47,17,'другая штука','',1),(48,18,'штука','',1),(49,18,'другая штука','',1),(50,18,'другая штука','',1),(51,19,'штука','',1),(52,19,'другая штука','',1),(53,19,'другая штука','',1),(54,20,'штука','',1),(55,20,'другая штука','',1),(56,20,'другая штука','',1),(57,21,'штука','',1),(58,21,'другая штука','',1),(59,21,'другая штука','',1),(60,22,'штука','',1),(61,22,'другая штука','',1),(62,22,'другая штука','',1),(63,23,'штука','',1),(64,23,'другая штука','',1),(65,23,'другая штука','',1);
INSERT INTO `cards_history` VALUES (1,1,'new','accepted','2019-02-12 15:24:15');
